url,raw_words,rendered_words,score,jsonld_in_raw,render_ms,error_status
"https://www.bbc.com/news",1252,0,0,false,0,"page.goto: Timeout 30000ms exceeded.
Call log:
[2m  - navigating to "https://www.bbc.com/news"  waiting until "networkidle"[22m
"
"https://edition.cnn.com/",0,0,0,false,0,"HTTP error: 451 Unavailable for Legal Reasons"
"https://www.reuters.com/",0,0,0,false,0,"HTTP error: 401 HTTP Forbidden"
"https://www.theverge.com/",2716,0,0,false,0,"page.goto: Timeout 30000ms exceeded.
Call log:
[2m  - navigating to "https://www.theverge.com/"  waiting until "networkidle"[22m
"
"https://techcrunch.com/",1899,0,0,false,0,"page.goto: Timeout 30000ms exceeded.
Call log:
[2m  - navigating to "https://techcrunch.com/"  waiting until "networkidle"[22m
"
"https://www.nytimes.com/",0,0,0,false,0,"HTTP error: 403 Not Allowed  Forbidden  Bot Blocked"
"https://www.thehindu.com/",0,0,0,false,0,"HTTP error: 403 Forbidden"
"https://indianexpress.com/",2951,2950,1,false,18152,"OK"
"https://www.ndtv.com/",0,0,0,false,0,"HTTP error: 403 Forbidden"
"https://www.google.com/",24,40,0.6,false,2086,"OK"
"https://www.youtube.com/",11,101,0.11,false,3669,"OK"
"https://www.wikipedia.org/",863,864,1,false,280,"OK"
"https://www.reddit.com/",0,0,0,false,0,"HTTP error: 403 Blocked"
"https://www.github.com/",852,906,0.94,false,3051,"OK"
"https://www.amazon.in/",0,0,0,false,0,"page.goto: Timeout 30000ms exceeded.
Call log:
[2m  - navigating to "https://www.amazon.in/"  waiting until "networkidle"[22m
"
"https://www.flipkart.com/",2715,2870,0.95,false,3915,"OK"
"https://www.nykaa.com/",0,0,0,false,0,"Raw fetch timeout"
"https://www.myntra.com/",0,0,0,false,0,"Raw fetch timeout"
"https://www.netflix.com/",437,1180,0.37,false,7831,"OK"
"https://www.spotify.com/",0,1450,0,false,9384,"OK"
