url,raw_words,rendered_words,score,jsonld_in_raw,render_ms
"https://www.bbc.com/news",1257,0,0,false,0
"https://edition.cnn.com/",0,2,0,false,592
"https://www.reuters.com/",0,0,0,false,1269
"https://www.theverge.com/",2716,0,0,false,0
"https://techcrunch.com/",1891,0,0,false,0
"https://www.nytimes.com/",0,6489,0,false,17593
"https://www.thehindu.com/",0,2627,0,false,10917
"https://indianexpress.com/",2964,0,0,false,0
"https://www.ndtv.com/",0,15,0,false,771
"https://www.google.com/",24,40,0.6,false,1951
"https://www.youtube.com/",11,2,1,false,1732
"https://www.wikipedia.org/",863,864,1,false,1071
"https://www.reddit.com/",0,24,0,false,1064
"https://www.github.com/",852,906,0.94,false,2123
"https://www.amazon.in/",0,0,0,false,0
"https://www.flipkart.com/",2775,2874,0.97,false,2992
"https://www.nykaa.com/",0,0,0,false,0
"https://www.myntra.com/",0,0,0,false,0
"https://www.netflix.com/",434,1180,0.37,false,9875
"https://www.spotify.com/",0,1449,0,false,9424
